<?xml version="1.0" encoding="UTF-8"?>
<project-private xmlns="http://www.netbeans.org/ns/project-private/1">
    <data xmlns="http://www.netbeans.org/ns/make-project-private/1">
        <activeConfTypeElem>1</activeConfTypeElem>
        <activeConfIndexElem>0</activeConfIndexElem>
    </data>
    <editor-bookmarks xmlns="http://www.netbeans.org/ns/editor-bookmarks/2" lastBookmarkId="3"/>
    <open-files xmlns="http://www.netbeans.org/ns/projectui-open-files/2">
        <group>
            <file>file:/C:/Users/Zion/Documents/School/BaliskyJonthan_CSD17a_48983/Project%202/Project_v5/Main.cpp</file>
            <file>file:/C:/Users/Zion/Documents/School/BaliskyJonthan_CSD17a_48983/Project%202/Project_v5/IsValid.cpp</file>
            <file>file:/C:/Users/Zion/Documents/School/BaliskyJonthan_CSD17a_48983/Project%202/Project_v5/Game.h</file>
            <file>file:/C:/Users/Zion/Documents/School/BaliskyJonthan_CSD17a_48983/Project%202/Project_v5/IsValid.h</file>
        </group>
    </open-files>
</project-private>
